element,score_hexad,score_motiv,s_hexad,s_motiv,score_final
avatar,2.994505106494738,8.446507712373368,1.0,1.0,1.0
timer,1.118727225895414,6.1668490461433905,0.39597472816502866,0.8255411259765941,0.6107579270708114
score,1.9418581276818219,1.4745474936422633,0.6610337587942009,0.4664462941255512,0.5637400264598761
ranking,0.0,2.8223681009049795,0.03572977394115364,0.5695929928010429,0.30266138337109827
badges,-0.11095747605729533,-1.7064270997569597,0.0,0.223011057928877,0.1115055289644385
progress,-0.08161848109909603,-4.620518421958621,0.009447544183285202,0.0,0.004723772091642601
