element,score,pred_MIVar,pred_MEVar,pred_amotVar
avatar,8.446507712373368,4.2314113951587204,4.215096317214648,0.0
timer,6.1668490461433905,6.1668490461433905,0.0,0.0
ranking,2.8223681009049795,6.5013793588179,-3.6790112579129204,0.0
score,1.4745474936422633,6.23666511504145,-4.762117621399186,0.0
badges,-1.7064270997569597,4.5906409501282,-6.2970680498851594,0.0
progress,-4.620518421958621,4.8739570673308,-9.494475489289421,0.0
