element,score,pred_MIVar,pred_MEVar,pred_amotVar
avatar,2.994505106494738,0.0,1.7504517053308062,-1.244053401163932
score,1.9418581276818219,2.9398849258452,-0.998026798163378,0.0
timer,1.118727225895414,0.0,0.0,-1.118727225895414
ranking,0.0,0.0,0.0,0.0
progress,-0.08161848109909603,-0.530963992894756,0.44934551179566,0.0
badges,-0.11095747605729533,0.0,-2.20998232269106,-2.099024846633765
